"","x"
"1",2023-02-01
"2",2023-03-01
"3",2023-01-10
"4",2023-01-11
"5",2023-06-08
"6",2023-02-08
"7",2023-02-09
"8",2023-02-10
"9",2023-02-11
"10",2023-02-13
"11",2023-01-13
"12",2023-03-10
"13",2023-06-12
"14",2023-06-13
"15",2023-02-15
"16",2023-02-16
"17",2023-02-17
"18",2023-01-19
"19",2023-06-14
"20",2023-06-15
"21",2023-03-20
"22",2023-02-21
"23",2023-06-20
"24",2023-03-21
"25",2023-02-22
"26",2023-06-21
"27",2023-03-22
"28",2023-02-23
"29",2023-01-20
"30",2023-01-23
"31",2023-01-24
"32",2023-01-25
"33",2023-01-26
"34",2023-02-27
"35",2023-01-27
"36",2023-06-22
"37",2023-06-28
"38",2023-01-30
"39",2023-06-29
"40",2023-01-04
"41",2023-01-05
"42",2023-02-06
"43",2023-01-06
"44",2023-03-23
"45",2023-06-05
"46",2023-03-06
"47",2023-02-07
"48",2023-06-06
"49",2023-06-07
"50",2023-03-08
"51",2023-01-09
"52",2023-03-09
